treatment,count(1),min(Age),max(Age),avg(Age)
No,622,-29,65,31.361736334405144
Yes,637,-1726,329,30.21698113207547
